slug,titre,url,date_maj
ANSSI-views-on-crypto-agility,ANSSI views on crypto agility,https://messervices.cyber.gouv.fr/documents-guides/ANSSI-views-on-crypto-agility.pdf,2026-01-19
Transition-post-quantique-protocole-IPsec,Transition post-quantique d’IPsec,https://messervices.cyber.gouv.fr/documents-guides/transition_post_quantique_ipsec.pdf,2026-02-02
Transition-post-quantique-protocole-SSHv2,Transition post-quantique de SSHv2,https://messervices.cyber.gouv.fr/documents-guides/transition_post_quantique_ssh_v2.pdf,2026-02-02
Transition-post-quantique-protocole-TLS-1-3,Transition post-quantique de TLS 1.3,https://messervices.cyber.gouv.fr/documents-guides/transition_post_quantique_tls_1_3.pdf,2026-02-02
achat-de-produits-de-securite-et-de-services-de-confiance-qualifies-dans-le-cadre-du,Achat de produits de sécurité et de services de confiance qualifiés dans le cadre du RGS,https://messervices.cyber.gouv.fr/documents-guides/guide_achat_produits-securite-services-confiance-qualifies_anssi.pdf,2015-02-12
anticiper-et-gerer-sa-communication-de-crise-cyber,Anticiper et gérer sa communication de crise cyber,https://messervices.cyber.gouv.fr/documents-guides/Guide_Anticiper_et_gerer_sa_communication_de_crise_cyber.pdf,2026-06-04
approche-ssi-pour-linternet-des-objets-industriels,Approche SSI pour l’Internet des objets industriels,https://messervices.cyber.gouv.fr/documents-guides/approche_ssi_pour_l_internet_des_objets_industriels_2025.pdf,2025-05-30
architecture-securisee-de-si,Architecture sécurisée de SI,https://messervices.cyber.gouv.fr/documents-guides/anssi_essentiels_architecture_securisee_v1.0.pdf,2025-08-08
attaques-par-rancongiciels-tous-concernes,"Attaques par rançongiciels, tous concernés.",https://messervices.cyber.gouv.fr/documents-guides/anssi-guide-attaques_par_rancongiciels_tous_concernes-v1.0.pdf,2020-09-04
automatisation-de-la-gestion-des-certificats-avec-acme,Automatisation de la gestion des certificats avec ACME,https://messervices.cyber.gouv.fr/documents-guides/anssi-fondamentaux-securisation-acme-v1-1.pdf,2025-01-24
avis-de-lanssi-sur-la-migration-vers-la-cryptographie-post-quantique,Avis de l’ANSSI sur la migration vers la cryptographie post-quantique,https://messervices.cyber.gouv.fr/documents-guides/anssi-avis-migration-vers-la-cryptographie-post-quantique.pdf,2022-04-11
avis-de-lanssi-sur-la-migration-vers-la-cryptographie-post-quantique-0,Avis de l’ANSSI sur la migration vers la cryptographie post-quantique,https://messervices.cyber.gouv.fr/documents-guides/Avis de l'ANSSI sur la migration vers la cryptographie.pdf,2024-01-15
bases-de-donnees-relationnelles,Bases de données relationnelles,https://messervices.cyber.gouv.fr/documents-guides/anssi_essentiels_bdd_relationnelles_1.0.pdf,2025-01-31
bonnes-pratiques-lusage-des-professionnels-en-deplacement,Bonnes pratiques à l’usage des professionnels en déplacement,https://messervices.cyber.gouv.fr/documents-guides/anssi_passeport_2019_1.0.pdf,2019-05-17
bonnes-pratiques-pour-lacquisition-et-lexploitation-de-noms-de-domaine,Bonnes pratiques pour l’acquisition et l’exploitation de noms de domaine,https://messervices.cyber.gouv.fr/documents-guides/guide_dns_fr_anssi_1.3.pdf,2017-11-10
cartographie-du-systeme-dinformation,Cartographie du système d’information,https://messervices.cyber.gouv.fr/documents-guides/20181213_anssi_guide_cartographie_v1b.pdf,2018-11-21
comprendre-et-anticiper-les-attaques-ddos,Comprendre et anticiper les attaques DDoS,https://messervices.cyber.gouv.fr/documents-guides/NP_Guide_DDoS.pdf,2015-03-20
crise-cyber-les-cles-dune-gestion-operationnelle-et-strategique,"Crise cyber, les clés d’une gestion opérationnelle et stratégique",https://messervices.cyber.gouv.fr/documents-guides/anssi-guide-gestion_crise_cyber.pdf,2021-12-06
cyberattaques-et-remediation-la-remediation-du-tier-0-active-directory,La remédiation du Tier 0 Active Directory,https://messervices.cyber.gouv.fr/documents-guides/20231218_Volet_technique_cyberattaquesetremediation_a5_v1h.pdf,2024-03-18
cyberattaques-et-remediation-les-cles-de-decision,Cyberattaques et remédiation : les clés de décision,https://messervices.cyber.gouv.fr/documents-guides/20231218_Volet_stratégique_cyberattaquesetremédiation_v1g.pdf,2024-01-16
cyberattaques-et-remediation-piloter-la-remediation,Piloter la remédiation,https://messervices.cyber.gouv.fr/documents-guides/20231218_Volet_operationnel_cyberattaquesetremediation_a5_v1j.pdf,2024-03-18
cyberattaques-et-remediation-preparer-la-remedation,Préparer la remédiation,https://messervices.cyber.gouv.fr/documents-guides/preparation_remediation_fr-web.pdf,2026-01-16
cyberdico-quest-ce-que-cest,Le Cyberdico de l'ANSSI,https://messervices.cyber.gouv.fr/documents-guides/CyberDico_ANSSI_2024.pdf,2024-07-15
cybersecurite-toutes-les-communes-et-intercommunalites-sont-concernees,Cybersécurité : toutes les communes et intercommunalités sont concernées,https://messervices.cyber.gouv.fr/documents-guides/anssi_amf-guide-cybersecurite_communes-et-intercommunalites.pdf,2020-11-20
definition-dune-politique-de-pare-feu,Définition d’une politique de filtrage réseau d'un pare-feu,https://messervices.cyber.gouv.fr/documents-guides/NP_Politique_pare_feu_NoteTech.pdf,2016-04-05
denis-de-service-distribues-ddos,Dénis de service distribués (DDoS),https://messervices.cyber.gouv.fr/documents-guides/anssi_essentiels_denis-de-service-distribues_v2.0.pdf,2024-04-26
developper-la-confiance-dans-lia-par-une-approche-par-les-risques-cyber,Développer la confiance dans l’IA par une approche par les risques cyber.,https://messervices.cyber.gouv.fr/documents-guides/Document_Analyse_de_risques_FR.pdf,2025-02-07
devsecops,DevSecOps,https://messervices.cyber.gouv.fr/documents-guides/anssi_essentiels_devsecops_v1.0.pdf,2024-03-13
doctrine-de-detection-pour-les-systemes-industriels,Doctrine de détection pour les systèmes industriels,https://messervices.cyber.gouv.fr/documents-guides/anssi-guide-doctrine_de_detection_pour_les_systemes_industriels.pdf,2020-12-03
donnees-traitements-sensibles,Données et traitements sensibles,https://messervices.cyber.gouv.fr/documents-guides/anssi_essentiels_données_traitements_sensibles_1.0.pdf,2025-03-28
elections-legislatives-candidats-assurez-votre-securite-numerique,"Élections législatives : Candidats, assurez votre sécurité numérique !",https://messervices.cyber.gouv.fr/documents-guides/messagerie_phishing_fiche_anssi.pdf,2017-05-24
en-4737,Programming Rules to Develop Secure Applications With Rust,https://messervices.cyber.gouv.fr/documents-guides/anssi-guide-programming_rules_to_develop_secure_applications_with_rust-v1.0.pdf,2020-06-09
en-anssi-views-post-quantum-cryptography-transition,ANSSI views on the Post-Quantum Cryptography transition,https://messervices.cyber.gouv.fr/documents-guides/EN_Position.pdf,2022-01-04
en-anssi-views-zero-trust-model,ANSSI views on the Zero Trust model,https://messervices.cyber.gouv.fr/documents-guides/Anssi views on the Zero Trust model_0.pdf,2023-10-11
en-anticipating-and-managing-your-cyber-crisis-communication,Anticipating and managing your cyber crisis communication,https://messervices.cyber.gouv.fr/documents-guides/Guide_ANTICIPATING_and_MANAGING_CYBER_CRISIS_COM.pdf,2022-05-17
en-best-current-practices-acquiring-and-using-domain-names,Best current practices for acquiring and using domain names,https://messervices.cyber.gouv.fr/documents-guides/guide_dns_en_anssi_1.3.pdf,2017-11-17
en-best-practices-business-travellers,Best Practices for Business Travellers,https://messervices.cyber.gouv.fr/documents-guides/anssi-digital_security-best_practices_for_business_travellers-2019.pdf,2019-08-01
en-best-practices-cybersecurity-board-ships,Best Practices for cybersecurity on-board ships,https://messervices.cyber.gouv.fr/documents-guides/best-practices-for-cyber-security-on-board-ships_anssi.pdf,2016-10-10
en-bgp-configuration-best-practices,BGP configuration best practices,https://messervices.cyber.gouv.fr/documents-guides/bgp-configuration-best-practices.pdf,2016-03-22
en-building-trust-ai-through-cyber-risk-based-approach,Building trust in AI through a cyber risk-based approach,https://messervices.cyber.gouv.fr/documents-guides/high_level_risks_analysis_ai_paris_summit.pdf,2025-02-07
en-configuration-recommendations-gnulinux-system,Configuration recommendations of a GNU/Linux system,https://messervices.cyber.gouv.fr/documents-guides/linux_configuration-en-v2.pdf,2019-02-22
en-controlling-digital-risk-trust-advantage,Controlling the digital risk - the trust advantage,https://messervices.cyber.gouv.fr/documents-guides/anssi_amrae-guide-controlling_digital_risk-trust_advantage.pdf,2019-11-18
en-crisis-cyber-origin-keys-operational-and-strategic-management,"Crisis of cyber origin, the keys to operational and strategic management",https://messervices.cyber.gouv.fr/documents-guides/20220516_np_anssi_guide_gestion_crise_cyber_en1.pdf,2022-05-17
en-cyber-attacks-and-remediation-keys-decision-making,The keys to decision-making,https://messervices.cyber.gouv.fr/documents-guides/cyber-attacks-remediation-the-keys-to-decision-making.pdf,2025-04-16
en-cyber-attacks-and-remediation-managing-remediation,Managing the remediation,https://messervices.cyber.gouv.fr/documents-guides/cyber-attacks-remediation-managing-remediation.pdf,2025-04-16
en-cyber-attacks-and-remediation-remediation-active-directory-tier-0,Remediation of active directory tier 0,https://messervices.cyber.gouv.fr/documents-guides/cyber-attacks-remediation-remadation-of-active-directory-tier-0.pdf,2025-04-16
en-cybersecurity-guide-start-ups,Cybersecurity guide for digital start-ups,https://messervices.cyber.gouv.fr/documents-guides/cybersecurity_guide_for_digital_start_ups.pdf,2026-10-05
en-data-leak-prevention,Data leak prevention,https://messervices.cyber.gouv.fr/documents-guides/anssi_back to basics_data_leak_prevention_1.0.pdf,2025-01-28
en-devsecops,DevSecOps,https://messervices.cyber.gouv.fr/documents-guides/20240829_Back to Basics_DevSecOps.pdf,2024-03-13
en-digital-hygiene-mobile-phones,Digital hygiene for mobile phones,https://messervices.cyber.gouv.fr/documents-guides/anssi_back to basics_hygiene_mobile_phones_1.1.pdf,2025-04-03
en-distributed-denial-service-ddos,Distributed Denial of Service (DDoS),https://messervices.cyber.gouv.fr/documents-guides/20240829_Back to Basics_DDOS.pdf,2024-04-26
en-ebios-risk-manager-method,EBIOS Risk Manager – The method,https://messervices.cyber.gouv.fr/documents-guides/anssi-guide-ebios_risk_manager-en-v1.0.pdf,2019-11-18
en-essentiels-defense-profondeur,Defence-in-depth,https://messervices.cyber.gouv.fr/documents-guides/anssi_back_to_basics_defence_in_depth_implementation_1.0.pdf,2026-07-01
en-essentiels-wifi,Securing Wi-Fi networks,https://messervices.cyber.gouv.fr/documents-guides/anssi_back to basics_wifi_1.0.pdf,2026-08-31
en-follow-position-paper-post-quantum-cryptography,Follow up position paper on Post-Quantum Cryptography,https://messervices.cyber.gouv.fr/documents-guides/follow_up_position_paper_on_post_quantum_cryptography.pdf,2023-10-11
en-fundamentals-it-backup,IT Backup,https://messervices.cyber.gouv.fr/documents-guides/anssi_fundamentals_IT_backup_1.1.pdf,2023-10-25
en-guideline-healthy-information-system-42-measures,Guideline for a healthy information system in 42 measures,https://messervices.cyber.gouv.fr/documents-guides/guideline-for-a-healthy-information-system-in-42-measures_v2.pdf,2017-10-13
en-hardware-security-requirements-x86-platforms,Hardware security requirements for x86 platforms,https://messervices.cyber.gouv.fr/documents-guides/anssi-guide-hardware_security_requirements.pdf,2019-11-08
en-how-select-open-source-software,How to select an open-source software,https://messervices.cyber.gouv.fr/documents-guides/anssi_back to basics_select_open_source_software.pdf,2025-05-02
en-industrial-control-systems-classification-method,Cybersecurity of Industrial Control Systems - Classification Method,https://messervices.cyber.gouv.fr/documents-guides/anssi-guide-industrial_control_systems-classification_method_v2-0.pdf,2025-12-22
en-information-system-security-infrastructure,Information system security infrastructure,https://messervices.cyber.gouv.fr/documents-guides/anssi_back to basics_is_security_architecture_1.0.pdf,2025-08-08
en-it-backup,IT backup,https://messervices.cyber.gouv.fr/documents-guides/the-golden-rules-of-backup.pdf,2023-12-06
en-mapping-information-system,Mapping the information system,https://messervices.cyber.gouv.fr/documents-guides/mapping_the_information_system-anssi-pa-046.pdf,2018-11-21
en-migration,Securing the migration of information systems,https://messervices.cyber.gouv.fr/documents-guides/anssi_back to basics_migration_1.0.pdf,2026-01-23
en-openssh-secure-use-recommendations,(Open)SSH secure use recommendations,https://messervices.cyber.gouv.fr/documents-guides/NT_OpenSSH_en.pdf,2015-09-04
en-organising-cyber-crisis-management-exercise,Organising a cyber crisis management exercise,https://messervices.cyber.gouv.fr/documents-guides/anssi-guide-organising_a_cyber_crisis_management_exercise-v1.0.pdf,2021-09-07
en-public-key-infrastructure-pki,Public key infrastructure (PKI),https://messervices.cyber.gouv.fr/documents-guides/anssi_back to basics_pki_1.0.pdf,2025-08-01
en-ransomware-attacks-all-concerned-how-prevent-them-and-respond-incident,"Ransomware attacks, all concerned - How to prevent them and respond to an incident",https://messervices.cyber.gouv.fr/documents-guides/anssi-guide-ransomware_attacks_all_concerned-v1.0.pdf,2021-09-07
en-recommendations-architecture-sensitive-or-restricted-distribution-information-systems,Recommendations for the architecture of sensitive or Restricted Distribution information systems,https://messervices.cyber.gouv.fr/documents-guides/anssi-guide-recommendations_for_the_architecture_of_sensitive_or_restricted_distribution_information_systems.pdf,2021-09-24
en-recommendations-hosting-sensitive-information-systems-cloud,Recommendations on hosting sensitive information systems in the cloud,https://messervices.cyber.gouv.fr/documents-guides/anssi_Recommendations on hosting sensitive IS in the cloud.pdf,2024-07-09
en-recommendations-secure-administration-it-systems,Recommendations to secure administration of IT systems,https://messervices.cyber.gouv.fr/documents-guides/guide_anssi_secure_admin_is_pa_022_en_v2.pdf,2018-10-03
en-recommendations-securing-networks-ipsec,Recommendations for securing networks with IPsec,https://messervices.cyber.gouv.fr/documents-guides/NT_IPsec_EN.pdf,2015-09-04
en-relational-databases,Relational databases,https://messervices.cyber.gouv.fr/documents-guides/anssi_back to basics_relational_databases_1.0.pdf,2025-01-31
en-rules-secure-c-language-software-development,Rules for secure C language software development,https://messervices.cyber.gouv.fr/documents-guides/anssi-guide-rules_for_secure_c_language_software_development-v1.4.pdf,2023-11-30
en-secure-implementation-cms,Secure implementation of CMS,https://messervices.cyber.gouv.fr/documents-guides/20240829_Back to Basics_Secure implementation of CMS.pdf,2023-12-15
en-security-recommendations-generative-ai-system,Security recommendations for a generative AI system,https://messervices.cyber.gouv.fr/documents-guides/security_recommandations_for_a_generative_ai_system.pdf,2024-04-29
en-security-recommendations-tls,Security Recommendations for TLS,https://messervices.cyber.gouv.fr/documents-guides/security-recommendations-for-tls_v1.1.pdf,2017-02-06
en-sensitive-data-and-processing,Sensitive data and processing,https://messervices.cyber.gouv.fr/documents-guides/anssi_back to basics_sensitive_data_and_processing_1.0.pdf,2025-03-28
en-should-quantum-key-distribution-be-used-secure-communications,Should Quantum Key Distribution be Used for Secure Communications?,https://messervices.cyber.gouv.fr/documents-guides/anssi-technical_position_papers-qkd.pdf,2020-05-26
en-start-security-windows-servers,Start-up security for Windows servers,https://messervices.cyber.gouv.fr/documents-guides/anssi_back to basics_AD_DS_member_server_1.0.pdf,2025-10-03
en-technical-position-paper-confidential-computing,Technical Position Paper on Confidential Computing,https://messervices.cyber.gouv.fr/documents-guides/anssi-technical-position-paper-coco-v1.0.pdf,2025-10-17
en-trusted-core,Trusted core,https://messervices.cyber.gouv.fr/documents-guides/anssi_back_to_basics_trusted_core_1.0.pdf,2026-07-21
en-virtualization,Virtualization,https://messervices.cyber.gouv.fr/documents-guides/20240829_Back to Basics_Virtualization.pdf,2024-02-20
en-zero-trust-model,Zero Trust Model,https://messervices.cyber.gouv.fr/documents-guides/anssi_back to basics_zero_trust_1.0.pdf,2025-06-24
essentiels-coeur-confiance,Cœur de confiance,https://messervices.cyber.gouv.fr/documents-guides/anssi_essentiel_coeur_de_confiance_1.0.pdf,2026-07-21
essentiels-defense-profondeur,Défense en profondeur,https://messervices.cyber.gouv.fr/documents-guides/anssi_essentiels_defense_profondeur_mise_en_oeuvre_1.0.pdf,2026-07-01
essentiels-wifi,Sécurisation des réseaux Wi-Fi,https://messervices.cyber.gouv.fr/documents-guides/anssi_essentiels_wifi_1.0.pdf,2026-08-31
exigences-de-securite-materielles,Exigences de sécurité matérielles,https://messervices.cyber.gouv.fr/documents-guides/anssi-guide-exigences_securite_materielle.pdf,2019-11-08
externalisation-et-securite-des-systemes-dinformation-un-guide-pour-maitriser-les,Externalisation et sécurité des systèmes d’information : un guide pour maîtriser les risques,https://messervices.cyber.gouv.fr/documents-guides/2010-12-03_Guide_externalisation.pdf,2010-12-03
fiches-pratiques-recyf,Fiches pratiques ReCyF,https://messervices.cyber.gouv.fr/documents-guides/Fiche_Gestion-des-identites_Protection_VF.pdf,2026-09-07
fondamentaux-poste-multi-environnements,Sécurisation du poste de travail multi-environnements (non classifiés),https://messervices.cyber.gouv.fr/documents-guides/anssi-fondamentaux-securisation-poste-multi-environnements-v1-0.pdf,2026-02-20
fondamentaux-sauvegarde-systemes-dinformation,Sauvegarde des systèmes d’information,https://messervices.cyber.gouv.fr/documents-guides/anssi_fondamentaux_sauvegarde_systemes_dinformation_v1.1.pdf,2023-10-25
guide-cybersecurite-start-up-numerique,Guide de cybersécurité à l’usage des start-up du numérique,https://messervices.cyber.gouv.fr/documents-guides/guide_cybersecurite_start-up_numerique_FR_v1.pdf,2026-02-26
guide-delaboration-dune-charte-dutilisation-des-moyens-informatiques-et-des-outils,Guide d’élaboration d’une charte d’utilisation des moyens informatiques et des outils numériques,https://messervices.cyber.gouv.fr/documents-guides/guide-charte-utilisation-moyens-informatiques-outils-numeriques_anssi.pdf,2017-06-19
guide-des-bonnes-pratiques-de-securite-informatique-bord-des-navires,Guide des bonnes pratiques de sécurité informatique à bord des navires,https://messervices.cyber.gouv.fr/documents-guides/bonnes_pratiques_securite_informatique_maritime_anssi.pdf,2016-10-04
guide-dhygiene-informatique,Guide d’hygiène informatique,https://messervices.cyber.gouv.fr/documents-guides/guide_hygiene_informatique_anssi.pdf,2017-01-23
guide-pour-une-formation-sur-la-cybersecurite-des-systemes-industriels,Guide pour une formation sur la cybersécurité des systèmes industriels,https://messervices.cyber.gouv.fr/documents-guides/Guide_pour_une_formation_sur_la_cybersécurité_des_systèmes_industriels.pdf,2015-03-05
guide-relatif-la-maturite-ssi,Guide relatif à la maturité SSI,https://messervices.cyber.gouv.fr/documents-guides/maturitessi-methode-2007-11-02.pdf,2009-07-09
hygiene-numerique-des-telephones-mobiles,Hygiène numérique des téléphones mobiles,https://messervices.cyber.gouv.fr/documents-guides/anssi_essentiels_hygiene_telephones_mobiles_1.1.pdf,2025-04-03
infrastructure-de-gestion-de-cles-igc,Infrastructure de gestion de clés (IGC),https://messervices.cyber.gouv.fr/documents-guides/anssi_essentiels_igc_1.0.pdf,2025-08-01
investigation-qualification-incidents,L'investigation et la qualification d'incidents,https://messervices.cyber.gouv.fr/documents-guides/ANSSI_investigation_qualification_incidents_cles_de_decision.pdf,2026-09-16
la-cybersecurite-des-systemes-industriels,La cybersécurité des systèmes industriels - Méthode de classification,https://messervices.cyber.gouv.fr/documents-guides/anssi-guide-systemes_industriels-methode_de_classification_v2-0.pdf.pdf,2025-04-11
la-cybersecurite-des-systemes-industriels-mesures-detaillees,La cybersécurité des systèmes industriels - Mesures détaillées,https://messervices.cyber.gouv.fr/documents-guides/Guide_Systemes_industriels__Mesures_detaillees_v2.pdf,2025-12-19
la-cybersecurite-pour-les-tpepme-en-treize-questions,La cybersécurité pour les TPE/PME en treize questions,https://messervices.cyber.gouv.fr/documents-guides/20241212_np_anssi_guide_tpe-pme_v2.pdf,2021-02-18
la-methode-ebios-risk-manager-le-guide,La méthode EBIOS Risk Manager - Le guide,https://messervices.cyber.gouv.fr/documents-guides/250129_np_anssi_guide_ebios_fr_final_collection_WEB.pdf,2018-10-09
la-supervision-de-securite-les-cles-de-decision,La supervision de sécurité : les clés de décision,https://messervices.cyber.gouv.fr/documents-guides/anssi_supervision_les_cles_de_decision_1.0 (1).pdf,2025-08-26
la-supervision-de-securite-piloter-un-projet-de-supervision,Piloter un projet de supervision,https://messervices.cyber.gouv.fr/documents-guides/anssi_supervision_piloter_un_projet_de_supervision_1.0.pdf,2025-09-12
la-tele-assistance-securisee,La télé-assistance sécurisée,https://messervices.cyber.gouv.fr/documents-guides/np_teleassistance_notetech_v1.1.pdf,2017-01-16
le-guide-des-bonnes-pratiques-de-configuration-de-bgp,Le guide des bonnes pratiques de configuration de BGP,https://messervices.cyber.gouv.fr/documents-guides/guide_configuration_BGP.pdf,2013-10-01
les-mesures-cyber-preventives-prioritaires,Les Mesures Cyber Préventives Prioritaires,https://messervices.cyber.gouv.fr/documents-guides/20230503_anssi_mesures-cyber-preventives-prioritaires.pdf,2023-05-17
lhomologation-de-securite-des-systemes-dinformation,L’homologation de sécurité des systèmes d’information,https://messervices.cyber.gouv.fr/documents-guides/guide-homologation-securite-web-04-2025.pdf,2025-04-01
maitrise-du-risque-numerique-latout-confiance,Maîtrise du risque numérique - l’atout confiance,https://messervices.cyber.gouv.fr/documents-guides/anssi_amrae-guide-maitrise_risque_numerique-atout_confiance.pdf,2019-11-18
mecanismes-cryptographiques,Mécanismes cryptographiques,https://messervices.cyber.gouv.fr/documents-guides/anssi-guide-mecanismes-crypto-3.00.pdf,2026-03-20
mettre-en-oeuvre-une-politique-de-restrictions-logicielles-sous-windows,Mettre en œuvre une politique de restrictions logicielles sous Windows,https://messervices.cyber.gouv.fr/documents-guides/np_applocker_notetech-v2.pdf,2017-01-16
migration,Sécuriser une migration numérique,https://messervices.cyber.gouv.fr/documents-guides/anssi_essentiels_migration_1.0.pdf,2026-01-23
mise-en-oeuvre-des-fonctionnalites-de-securite-de-windows-10-reposant-sur-la,Mise en œuvre des fonctionnalités de sécurité de Windows 10 reposant sur la virtualisation,https://messervices.cyber.gouv.fr/documents-guides/np_securisation_windows10_securite_reposant_sur_la_virtualisation_v1.pdf,2017-11-10
mise-en-oeuvre-securisee-dun-cms,Mise en œuvre sécurisée d’un CMS,https://messervices.cyber.gouv.fr/documents-guides/anssi_essentiels_mise-en-oeuvre-securisee-cms_v1.1 (1).pdf,2023-12-15
mise-en-oeuvre-securisee-dun-serveur-windows,Mise en œuvre sécurisée d’un serveur Windows,https://messervices.cyber.gouv.fr/documents-guides/anssi_essentiels_serveur_Windows_membre_AD_DS_v1.0.pdf,2025-10-03
modele-zero-trust,Modèle Zero Trust,https://messervices.cyber.gouv.fr/documents-guides/anssi_essentiels_zero_trust_1.0.pdf,2025-06-20
organiser-un-exercice-de-gestion-de-crise-cyber,Organiser un exercice de gestion de crise cyber,https://messervices.cyber.gouv.fr/documents-guides/anssi-guide-organiser-un-exercice-de-gestion-de-crise-cyber-v1.0.pdf,2020-10-14
profil-de-fonctionnalites-et-de-securite-sas-et-station-blanche-reseaux-non-classifies,Profil de fonctionnalités et de sécurité - Sas et station blanche (réseaux non classifiés),https://messervices.cyber.gouv.fr/documents-guides/anssi-profil_de_fonctionnalites_et_de_securite-sas_et_station_blanche_reseaux_non_classifies-v1.0.pdf,2020-07-01
profils-de-protection-pour-les-systemes-industriels,Profils de protection pour les systèmes industriels,https://messervices.cyber.gouv.fr/documents-guides/20230614_np_anssi_sde_automate_court_terme_v1-2-fr.pdf,2015-03-03
protection-du-potentiel-scientifique-et-technique-de-la-nation,Protection du potentiel scientifique et technique de la nation,https://messervices.cyber.gouv.fr/documents-guides/guide_protection_scientifique_technique_nation_anssi-pa-049_v1.pdf,2018-05-17
recommandations-de-configuration-des-commutateurs-et-pare-feux-hirschmann,Recommandations de configuration des commutateurs et pare-feux Hirschmann,https://messervices.cyber.gouv.fr/documents-guides/anssi-guide-recommandations_configuration_commutateurs_pare-feux_hirschmann.pdf,2022-02-11
recommandations-de-configuration-des-commutateurs-et-pare-feux-siemens-scalance,Recommandations de configuration des commutateurs et pare-feux Siemens Scalance,https://messervices.cyber.gouv.fr/documents-guides/anssi-guide-recommandations_configuration_commutateurs_pare-feux_siemens_scalance.pdf,2022-02-11
recommandations-de-configuration-materielle-de-postes-clients-et-serveurs-x86,Recommandations de configuration matérielle de postes clients et serveurs x86,https://messervices.cyber.gouv.fr/documents-guides/NP_ConfigMateriel.pdf,2015-03-31
recommandations-de-deploiement-du-protocole-8021x,Recommandations de déploiement du protocole 802.1X,https://messervices.cyber.gouv.fr/documents-guides/guide_802.1x_anssi_pa_043_v1.pdf,2018-08-17
recommandations-de-deploiement-dun-service-iaas-openstack-secnumcloud,Recommandations de déploiement d’un service IAAS OpenStack SecNumCloud,https://messervices.cyber.gouv.fr/documents-guides/anssi-guide-openstack_v1-0.pdf,2024-05-03
recommandations-de-securite-concernant-lanalyse-des-flux-https,Recommandations de sécurité concernant l’analyse des flux HTTPS,https://messervices.cyber.gouv.fr/documents-guides/NP_TLS_NoteTech.pdf,2014-10-02
recommandations-de-securite-pour-larchitecture-dun-systeme-de-journalisation,Recommandations de sécurité pour l’architecture d’un système de journalisation,https://messervices.cyber.gouv.fr/documents-guides/anssi-guide-recommandations_securite_architecture_systeme_journalisation.pdf,2022-01-28
recommandations-de-securite-pour-les-architectures-basees-sur-vmware-vsphere-esxi,Recommandations de sécurité pour les architectures basées sur VMware vSphere ESXi,https://messervices.cyber.gouv.fr/documents-guides/np_vmwareesx_notetech_v1.pdf,2016-07-12
recommandations-de-securite-pour-un-systeme-dia-generative,Recommandations de sécurité pour un système d’IA générative,https://messervices.cyber.gouv.fr/documents-guides/Recommandations_de_sécurité_pour_un_système_d_IA_générative.pdf,2024-04-29
recommandations-de-securite-relatives-active-directory,Recommandations de sécurité relatives à Active Directory,https://messervices.cyber.gouv.fr/documents-guides/NP_ActiveDirectory_NoteTech.pdf,2014-08-29
recommandations-de-securite-relatives-au-deploiement-de-conteneurs-docker,Recommandations de sécurité relatives au déploiement de conteneurs Docker,https://messervices.cyber.gouv.fr/documents-guides/docker_fiche_technique.pdf,2020-12-24
recommandations-de-securite-relatives-ipsec,Recommandations de sécurité relatives à IPsec,https://messervices.cyber.gouv.fr/documents-guides/NT_IPsec.pdf,2015-08-03
recommandations-de-securite-relatives-tls,Recommandations de sécurité relatives à TLS,https://messervices.cyber.gouv.fr/documents-guides/anssi-guide-recommandations_de_securite_relatives_a_tls-v1.2.pdf,2020-03-26
recommandations-de-securite-relatives-un-systeme-gnulinux,Recommandations de configuration d'un système GNU/Linux,https://messervices.cyber.gouv.fr/documents-guides/fr_np_linux_configuration-v2.0.pdf,2019-02-22
recommandations-et-methodologie-pour-le-nettoyage-dune-politique-de-filtrage-reseau,Recommandations et méthodologie pour le nettoyage d’une politique de filtrage réseau d’un pare-feu,https://messervices.cyber.gouv.fr/documents-guides/np_nettoyage-politique-pare-feu.pdf,2016-08-09
recommandations-gestion-technique-batiment,Recommandations de sécurité relatives à la gestion technique et centralisée du bâtiment (gtb/gtc),https://messervices.cyber.gouv.fr/documents-guides/Guide__Systemes_industriels___GTB_GTC_2025.pdf,2026-06-04
recommandations-pour-choisir-des-pare-feux-maitrises-dans-les-zones-exposees-internet,Recommandations pour choisir des pare-feux maîtrisés dans les zones exposées à Internet,https://messervices.cyber.gouv.fr/documents-guides/guide_preconisations-pare-feux-zone-exposee-internet_anssi_pa_044_v1.pdf,2018-01-26
recommandations-pour-la-mise-en-place-de-cloisonnement-systeme,Recommandations pour la mise en place de cloisonnement système,https://messervices.cyber.gouv.fr/documents-guides/guide_cloisonnement_systeme_anssi_pg_040_v1.pdf,2017-12-22
recommandations-pour-la-protection-des-systemes-dinformation-essentiels,Recommandations pour la protection des systèmes d’information essentiels,https://messervices.cyber.gouv.fr/documents-guides/guide_protection_des_systemes_essentiels.pdf,2020-12-22
recommandations-pour-la-securisation-de-la-mise-en-oeuvre-du-protocole-openid-connect,Recommandations pour la sécurisation de la mise en oeuvre du protocole OpenID Connect,https://messervices.cyber.gouv.fr/documents-guides/anssi-guide-recommandations_pour_la_securisation_de_la_mise_en_oeuvre_du_protocole_openid_connect-v1.0.pdf,2020-09-08
recommandations-pour-la-securisation-dun-commutateur-de-desserte,Recommandations pour la sécurisation d’un commutateur de desserte,https://messervices.cyber.gouv.fr/documents-guides/nt_commutateurs.pdf,2016-07-12
recommandations-pour-ladministration-securisee-des-si-reposant-sur-ad,Recommandations pour l’administration sécurisée des SI reposant sur AD,https://messervices.cyber.gouv.fr/documents-guides/anssi-guide-admin_securisee_si_ad_v1-0 (3).pdf,2023-10-18
recommandations-pour-le-reconditionnement-des-ordinateurs-de-bureau-ou-portables,Recommandations pour le reconditionnement des ordinateurs de bureau ou portables,https://messervices.cyber.gouv.fr/documents-guides/anssi-guide-reconditionnement_ordinateurs_bureau_portables_v1-0.pdf,2023-10-03
recommandations-pour-les-architectures-des-interconnexions-multiniveaux,Recommandations pour les architectures des interconnexions multiniveaux,https://messervices.cyber.gouv.fr/documents-guides/anssi-guide-archi_interco_mn-v1-0.pdf,2024-10-25
recommandations-pour-les-architectures-des-si-sensibles-ou-dr,Recommandations pour les architectures des SI sensibles ou DR,https://messervices.cyber.gouv.fr/documents-guides/anssi-guide-recommandations_architectures_systemes_information_sensibles_ou_diffusion_restreinte-v1.2.pdf,2021-09-24
recommandations-pour-lhebergement-des-si-sensibles-dans-le-cloud,Recommandations pour l’hébergement dans le cloud des SI sensibles,https://messervices.cyber.gouv.fr/documents-guides/20240814_np_anssi_recommandations_hebergement_cloud_si_a5_v1g_fr.pdf,2024-07-09
recommandations-pour-une-configuration-securisee-dun-pare-feu-stormshield-network,Recommandations pour une configuration sécurisée d’un pare-feu Stormshield Network Security (SNS) en version 3.7.17,https://messervices.cyber.gouv.fr/documents-guides/anssi-guide-recommandations_configuration_securisee_pare_feu_stormshield_network_security_version_3.7.17.pdf,2021-04-02
recommandations-pour-une-utilisation-securisee-de-cryhod,Recommandations pour une utilisation sécurisée de Cryhod,https://messervices.cyber.gouv.fr/documents-guides/np_cryhod_notetech.pdf,2017-05-12
recommandations-pour-une-utilisation-securisee-de-zed,Recommandations pour une utilisation sécurisée de Zed!,https://messervices.cyber.gouv.fr/documents-guides/anssi-zed-note_technique-v1.1.pdf,2019-11-14
recommandations-relatives-aux-architectures-des-services-dns,Recommandations relatives aux architectures des services DNS,https://messervices.cyber.gouv.fr/documents-guides/anssi-guide-archi_services_dns-v1-0.pdf,2024-08-20
recommandations-relatives-la-securite-des-systemes-dobjets-connectes,Recommandations relatives à la sécurité des (systèmes d’)objets connectés,https://messervices.cyber.gouv.fr/documents-guides/anssi-guide-securite_des_systemes_objets_connectes_iot-v1.0.pdf,2021-08-27
recommandations-relatives-ladministration-securisee-des-si,Recommandations relatives à l’administration sécurisée des SI,https://messervices.cyber.gouv.fr/documents-guides/anssi-guide-admin_securisee_si_v3-0.pdf,2021-05-11
recommandations-relatives-lauthentification-multifacteur-et-aux-mots-de-passe,Recommandations relatives à l’authentification multifacteur et aux mots de passe,https://messervices.cyber.gouv.fr/documents-guides/anssi-guide-authentification_multifacteur_et_mots_de_passe.pdf,2021-10-08
recommandations-relatives-linterconnexion-dun-si-internet,Recommandations relatives à l’interconnexion d’un SI à Internet,https://messervices.cyber.gouv.fr/documents-guides/anssi-guide-passerelle_internet_securisee-v3.pdf,2020-06-19
recommandations-sur-le-nomadisme-numerique,Recommandations sur le nomadisme numérique,https://messervices.cyber.gouv.fr/documents-guides/guide_nomadisme_anssi_pa_054_v2.pdf,2023-11-14
referentiel-dexigences-de-securite-pour-les-prestataires-dintegration-et-de,Référentiel d’exigences de sécurité pour les prestataires d’intégration et de maintenance de systèmes industriels,https://messervices.cyber.gouv.fr/documents-guides/Referentiel_exigences_prestataires_integration_maintenance_V1_0.1.pdf,2016-03-09
regles-de-programmation-pour-le-developpement-dapplications-securisees-en-rust,Règles de programmation pour le développement d’applications sécurisées en Rust,https://messervices.cyber.gouv.fr/documents-guides/anssi-guide-regles_de_programmation_pour_le_developpement_dapplications_securisees_en_rust-v1.0.pdf,2020-06-09
regles-de-programmation-pour-le-developpement-securise-de-logiciels-en-langage-c,Règles de programmation pour le développement sécurisé de logiciels en langage C,https://messervices.cyber.gouv.fr/documents-guides/anssi-guide-regles_de_programmation_pour_le_developpement_securise_de_logiciels_en_langage_c-v1.2.pdf,2020-07-21
restreindre-la-collecte-de-donnees-sous-windows-10,Restreindre la collecte de données sous Windows 10,https://messervices.cyber.gouv.fr/documents-guides/np_securisation_windows10_collecte_de_donnees_v1.2.pdf,2017-07-06
sauvegarde-des-systemes-dinformation,Sauvegarde des systèmes d’information,https://messervices.cyber.gouv.fr/documents-guides/anssi_essentiels_sauvegarde-si_v1.1.pdf,2023-12-06
se-proteger-des-fuites-de-donnees,Se protéger des fuites de données,https://messervices.cyber.gouv.fr/documents-guides/anssi_essentiels_fuites_données_1.0.pdf,2025-01-28
securing-wmware-infrastructure,Securing a VMware infrastructure,https://messervices.cyber.gouv.fr/documents-guides/anssi_fundamentals_securing_wmware_infrastructure_v.1.0.pdf,2026-01-26
securisation-des-systemes-de-controle-dacces-physique-et-videoprotection,Sécurisation des systèmes de contrôle d’accès physique et vidéoprotection,https://messervices.cyber.gouv.fr/documents-guides/recommandations-sur-la-sécurisation-des-systèmes-de-contrôle-d_acces-physique-et-vidéoprotection-v2.2.pdf,2020-03-04
securisation-dune-infrastructure-vmware,Sécurisation d’une infrastructure VMware,https://messervices.cyber.gouv.fr/documents-guides/anssi-fondamentaux-securisation_infrastructure_vmware_v1-0.pdf,2026-01-26
securiser-la-journalisation-dans-un-environnement-microsoft-active-directory,Sécuriser la journalisation dans un environnement Microsoft Active Directory,https://messervices.cyber.gouv.fr/documents-guides/anssi-guide-recommandations_securite_journalisation_systemes_microsoft_windows_environnement_active_directory.pdf,2022-01-28
securiser-les-acces-wi-fi,Sécuriser les accès Wi-Fi,https://messervices.cyber.gouv.fr/documents-guides/NP_WIFI_NoteTech.pdf,2013-04-03
securiser-son-ordiphone,Sécuriser son ordiphone,https://messervices.cyber.gouv.fr/documents-guides/NP_Ordiphones_NoteTech_v1.2.pdf,2015-07-15
securiser-un-environnement-dexecution-java-sous-windows,Sécuriser un environnement d’exécution Java sous Windows,https://messervices.cyber.gouv.fr/documents-guides/np_securiser_jre_notetech.pdf,2016-07-28
securiser-un-site-web,Sécuriser un site web,https://messervices.cyber.gouv.fr/documents-guides/anssi-guide-recommandations_mise_en_oeuvre_site_web_maitriser_standards_securite_cote_navigateur-v2.0.pdf,2021-04-28
securiser-une-architecture-de-telephonie-sur-ip,Sécuriser une architecture de téléphonie sur IP,https://messervices.cyber.gouv.fr/documents-guides/NP_securiser_ToIP_NoteTech-v1.pdf,2014-01-21
securite-des-systemes-de-virtualisation,Sécurité des systèmes de virtualisation,https://messervices.cyber.gouv.fr/documents-guides/NP_Virtualisation_NoteTech_v1-1.pdf,2012-07-13
securite-numerique-des-collectivites-territoriales-lessentiel-de-la-reglementation,Sécurité numérique des collectivités territoriales : l’essentiel de la réglementation,https://messervices.cyber.gouv.fr/documents-guides/anssi-guide-securite_numerique_collectivites_territoriales-reglementation1.pdf,2020-01-28
selection-dun-logiciel-libre,Sélection d’un logiciel libre,https://messervices.cyber.gouv.fr/documents-guides/anssi_essentiels_selection_logiciel_libre_1.0.pdf,2025-05-02
tdbssi-guide-delaboration-de-tableaux-de-bord-de-securite-des-systemes-dinformation,TDBSSI — Guide d’élaboration de tableaux de bord de sécurité des systèmes d’information,https://messervices.cyber.gouv.fr/documents-guides/tdbssi-section1-methodologie-2004-02-05.pdf,2009-07-09
the-security-accreditation-guide-for-information-systems,The security accreditation guide for information systems,https://messervices.cyber.gouv.fr/documents-guides/the-security-accreditation-guide-for-information-systems_english.pdf,2026-03-26
usage-securise-dopenssh,Usage sécurisé d’(Open)SSH,https://messervices.cyber.gouv.fr/documents-guides/NT_OpenSSH.pdf,2014-01-23
virtualisation,Virtualisation,https://messervices.cyber.gouv.fr/documents-guides/anssi_essentiels_virtualisation_v1.0.pdf,2024-02-20
vote-internet-elections-non-politiques,Recommandations pour la mise en œuvre du vote par Internet pour les élections non politiques,https://messervices.cyber.gouv.fr/documents-guides/anssi-guide-vote-internet-elections-non-politiques.pdf,2026-04-24
zero-trust,Modèle Zero Trust,https://messervices.cyber.gouv.fr/documents-guides/anssi-fondamentaux-zero-trust-v1.0.pdf,2025-06-20
